A1,A30
110001,Sim
110002,Sim
110003,Não
110004,Não
110005,Não
110006,Não
110007,Não
110008,Não
110009,Não
110010,Não
110011,Sim
110012,Sim
110013,Não
110014,Não
110015,Não
110018,Não
110020,Sim
110025,Não
110026,Não
110028,Não
110029,Não
110030,Não
110032,Não
110033,Não
110034,Não
110037,Não
110040,Não
110045,Não
110050,Não
110060,Não
110070,Não
110080,Não
110090,Não
110092,Não
110094,Não
110100,Não
110110,Não
110120,Não
110130,Não
110140,Não
110143,Não
110145,Não
110146,Não
110147,Não
110148,Não
110149,Não
110150,Não
110155,Não
110160,Não
110170,Não
110175,Não
110180,Não
120001,Não
120005,Não
120010,Não
120013,Não
120017,Não
120020,Não
120025,Não
120030,Não
120032,Não
120033,Não
120034,Não
120035,Não
120038,Não
120039,Não
120040,Sim
120042,Não
120043,Não
120045,Não
120050,Não
120060,Não
120070,Não
120080,Não
130002,Não
130006,Sim
130008,Não
130010,Sim
130014,Não
130020,Não
130030,Não
130040,Não
130050,Não
130060,Não
130063,Não
130068,Não
130070,Não
130080,Não
130083,Não
130090,Não
130100,Não
130110,Não
130115,Não
130120,Não
130130,Não
130140,Não
130150,Não
130160,Sim
130165,Não
130170,Não
130180,Não
130185,Não
130190,Não
130195,Não
130200,Não
130210,Não
130220,Não
130230,Não
130240,Não
130250,Não
130255,Não
130260,Sim
130270,Não
130280,Não
130290,Não
130300,Não
130310,Não
130320,Não
130330,Não
130340,Não
130350,Não
130353,Não
130356,Não
130360,Não
130370,Não
130380,Não
130390,Sim
130395,Não
130400,Sim
130406,Não
130410,Sim
130420,Não
130423,Não
130426,Não
130430,Não
130440,Sim
140002,Não
140005,Não
140010,Sim
140015,Não
140017,Não
140020,Não
140023,Não
140028,Não
140030,Não
140040,Não
140045,Não
140047,Não
140050,Não
140060,Não
140070,Não
150010,Não
150013,Não
150020,Não
150030,Não
150034,Não
150040,Não
150050,Não
150060,Sim
150070,Não
150080,Não
150085,Não
150090,Não
150095,Não
150100,Não
150110,Não
150120,Sim
150125,Não
150130,Não
150140,Sim
150145,Não
150150,Não
150157,Não
150160,Não
150170,Não
150172,Não
150175,Não
150178,Não
150180,Sim
150190,Não
150195,Não
150200,Não
150210,Não
150215,Não
150220,Não
150230,Sim
150240,Não
150250,Não
150260,Não
150270,Sim
150275,Não
150276,Não
150277,Não
150280,Não
150285,Não
150290,Não
150293,Não
150295,Não
150300,Não
150304,Não
150307,Não
150309,Não
150310,Não
150320,Não
150330,Não
150340,Não
150345,Não
150350,Não
150360,Sim
150370,Não
150375,Não
150380,Não
150390,Não
150400,Não
150405,Não
150410,Não
150420,Não
150430,Não
150440,Não
150442,Não
150445,Não
150450,Não
150460,Não
150470,Não
150480,Sim
150490,Não
150495,Não
150497,Não
150500,Não
150503,Não
150506,Não
150510,Não
150520,Não
150530,Não
150540,Não
150543,Não
150548,Sim
150549,Sim
150550,Não
150553,Não
150555,Não
150560,Não
150563,Não
150565,Não
150570,Não
150580,Não
150590,Não
150600,Não
150610,Não
150611,Não
150613,Sim
150616,Não
150618,Não
150619,Não
150620,Não
150630,Não
150635,Não
150640,Não
150650,Não
150655,Não
150658,Não
150660,Não
150670,Sim
150680,Sim
150690,Não
150700,Não
150710,Não
150715,Sim
150720,Não
150730,Não
150740,Não
150745,Sim
150746,Não
150747,Não
150750,Não
150760,Não
150770,Não
150775,Não
150780,Não
150790,Não
150795,Não
150796,Não
150797,Não
150800,Não
150803,Não
150805,Não
150808,Não
150810,Não
150812,Não
150815,Não
150820,Não
150830,Não
150835,Não
150840,Não
160005,Não
160010,Não
160015,Não
160020,Não
160021,Não
160023,Não
160025,Não
160027,Não
160030,Não
160040,Não
160050,Não
160053,Não
160055,Não
160060,Sim
160070,Não
160080,Não
170025,Não
170030,Não
170035,Não
170040,Não
170070,Não
170100,Não
170105,Não
170110,Não
170130,Não
170190,Não
170200,Não
170210,Sim
170215,Não
170220,Não
170230,Sim
170240,Não
170255,Não
170270,Não
170290,Não
170300,Não
170305,Sim
170307,Não
170310,Não
170320,Não
170330,Não
170360,Não
170370,Não
170380,Não
170382,Não
170384,Não
170386,Não
170388,Não
170389,Não
170390,Sim
170410,Não
170460,Sim
170510,Não
170550,Não
170555,Não
170560,Não
170600,Não
170610,Não
170625,Não
170650,Não
170700,Não
170710,Não
170720,Não
170730,Não
170740,Não
170755,Não
170765,Não
170770,Sim
170820,Não
170825,Não
170830,Não
170900,Não
170930,Não
170950,Não
170980,Não
171050,Não
171070,Não
171090,Não
171110,Não
171150,Não
171180,Não
171190,Sim
171195,Não
171200,Não
171215,Não
171240,Não
171245,Não
171250,Não
171270,Não
171280,Não
171320,Sim
171330,Não
171360,Não
171370,Não
171380,Não
171395,Não
171420,Sim
171430,Não
171488,Não
171500,Não
171510,Não
171515,Não
171525,Não
171550,Não
171570,Não
171575,Não
171610,Sim
171620,Não
171630,Sim
171650,Não
171660,Não
171665,Não
171670,Não
171700,Não
171720,Não
171750,Sim
171780,Não
171790,Não
171800,Não
171820,Sim
171830,Não
171840,Não
171845,Não
171850,Não
171855,Não
171865,Não
171870,Não
171875,Não
171880,Não
171884,Não
171886,Não
171888,Não
171889,Não
171890,Não
171900,Não
172000,Não
172010,Não
172015,Não
172020,Não
172025,Não
172030,Não
172049,Não
172065,Não
172080,Não
172085,Não
172090,Não
172093,Não
172097,Não
172100,Sim
172110,Não
172120,Sim
172125,Não
172130,Não
172208,Não
172210,Não
210005,Não
210010,Não
210015,Não
210020,Não
210030,Não
210040,Não
210043,Não
210047,Não
210050,Não
210055,Não
210060,Não
210070,Não
210080,Não
210083,Não
210087,Não
210090,Não
210095,Não
210100,Não
210110,Não
210120,Não
210125,Não
210130,Não
210135,Não
210140,Sim
210150,Não
210160,Não
210170,Não
210173,Não
210177,Não
210180,Não
210190,Não
210193,Não
210197,Não
210200,Não
210203,Não
210207,Não
210210,Não
210215,Não
210220,Não
210230,Não
210232,Não
210235,Não
210237,Não
210240,Não
210250,Não
210255,Não
210260,Não
210270,Não
210275,Não
210280,Não
210290,Não
210300,Não
210310,Não
210312,Não
210315,Não
210317,Sim
210320,Não
210325,Não
210330,Não
210340,Não
210350,Não
210355,Não
210360,Não
210370,Não
210375,Não
210380,Não
210390,Não
210400,Não
210405,Não
210407,Não
210408,Não
210409,Não
210410,Não
210420,Não
210430,Sim
210440,Não
210450,Não
210455,Não
210460,Não
210462,Não
210465,Não
210467,Não
210470,Não
210480,Não
210490,Não
210500,Não
210510,Não
210515,Não
210520,Não
210530,Sim
210535,Não
210540,Não
210542,Não
210545,Não
210547,Não
210550,Não
210560,Não
210565,Não
210570,Não
210580,Não
210590,Não
210592,Não
210594,Não
210596,Não
210598,Não
210600,Não
210610,Não
210620,Não
210630,Não
210632,Não
210635,Não
210637,Não
210640,Não
210650,Não
210660,Não
210663,Não
210667,Não
210670,Não
210675,Não
210680,Não
210690,Não
210700,Não
210710,Não
210720,Não
210725,Não
210730,Não
210735,Não
210740,Não
210745,Não
210750,Não
210760,Não
210770,Não
210780,Não
210790,Não
210800,Não
210805,Não
210810,Não
210820,Não
210825,Não
210830,Não
210840,Não
210845,Não
210850,Não
210860,Não
210870,Não
210880,Não
210890,Não
210900,Não
210905,Não
210910,Não
210920,Não
210923,Não
210927,Não
210930,Não
210940,Não
210945,Não
210950,Não
210955,Não
210960,Não
210970,Não
210975,Sim
210980,Não
210990,Sim
211000,Não
211003,Não
211010,Não
211020,Sim
211023,Não
211027,Não
211030,Não
211040,Não
211050,Não
211060,Não
211065,Não
211070,Não
211080,Não
211085,Não
211090,Não
211100,Não
211102,Não
211105,Não
211107,Não
211110,Não
211120,Não
211125,Não
211130,Sim
211140,Não
211150,Não
211153,Não
211157,Não
211160,Não
211163,Não
211167,Não
211170,Não
211172,Não
211174,Não
211176,Não
211178,Não
211180,Não
211190,Não
211195,Não
211200,Não
211210,Não
211220,Não
211223,Não
211227,Não
211230,Não
211240,Não
211245,Não
211250,Não
211260,Não
211270,Não
211280,Não
211285,Não
211290,Não
211300,Não
211400,Não
220005,Não
220010,Não
220020,Não
220025,Não
220027,Não
220030,Não
220040,Não
220045,Não
220050,Não
220060,Não
220070,Não
220080,Não
220090,Não
220100,Não
220105,Não
220110,Não
220115,Não
220117,Não
220120,Não
220130,Não
220140,Não
220150,Não
220155,Não
220157,Não
220160,Não
220170,Não
220173,Não
220177,Não
220180,Não
220190,Não
220191,Não
220192,Sim
220194,Não
220196,Não
220198,Não
220200,Não
220202,Não
220205,Sim
220207,Não
220208,Não
220209,Não
220210,Não
220211,Não
220213,Não
220217,Não
220220,Não
220225,Não
220230,Não
220240,Não
220245,Não
220250,Não
220253,Não
220255,Não
220260,Não
220265,Não
220270,Não
220271,Não
220272,Não
220273,Não
220275,Não
220277,Não
220280,Não
220285,Não
220290,Não
220300,Não
220310,Não
220320,Não
220323,Não
220325,Não
220327,Não
220330,Não
220335,Não
220340,Sim
220342,Não
220345,Não
220350,Não
220360,Não
220370,Não
220375,Não
220380,Não
220385,Não
220390,Não
220400,Não
220410,Não
220415,Não
220420,Não
220430,Não
220435,Não
220440,Não
220450,Não
220455,Não
220460,Não
220465,Não
220470,Não
220480,Não
220490,Não
220500,Não
220510,Não
220515,Não
220520,Não
220525,Não
220527,Não
220530,Não
220535,Não
220540,Não
220545,Não
220550,Não
220551,Não
220552,Não
220553,Não
220554,Não
220555,Não
220556,Não
220557,Não
220558,Não
220559,Não
220560,Não
220570,Não
220580,Não
220585,Não
220590,Não
220595,Não
220600,Não
220605,Não
220610,Não
220620,Não
220630,Não
220635,Não
220640,Não
220650,Não
220660,Não
220665,Não
220667,Não
220669,Não
220670,Não
220675,Não
220680,Não
220690,Não
220695,Não
220700,Não
220710,Não
220720,Não
220730,Não
220735,Não
220740,Não
220750,Não
220755,Não
220760,Não
220770,Não
220775,Não
220777,Não
220779,Não
220780,Não
220785,Não
220790,Não
220793,Não
220795,Não
220800,Sim
220810,Não
220820,Não
220830,Não
220840,Não
220850,Não
220855,Não
220860,Sim
220865,Não
220870,Não
220880,Não
220885,Não
220887,Não
220890,Não
220900,Não
220910,Não
220915,Não
220920,Não
220930,Não
220935,Não
220937,Não
220940,Não
220945,Não
220950,Não
220955,Não
220960,Não
220965,Não
220970,Não
220975,Não
220980,Não
220985,Não
220987,Não
220990,Não
220995,Não
220997,Não
221000,Não
221005,Não
221010,Não
221020,Não
221030,Não
221035,Não
221037,Não
221038,Não
221039,Não
221040,Não
221050,Não
221060,Não
221062,Não
221063,Não
221065,Não
221070,Não
221080,Não
221090,Não
221093,Não
221095,Não
221097,Não
221100,Sim
221110,Não
221120,Não
221130,Não
221135,Não
221140,Não
221150,Não
221160,Não
221170,Não
230010,Não
230015,Sim
230020,Sim
230030,Não
230040,Não
230050,Não
230060,Não
230070,Não
230075,Não
230080,Não
230090,Não
230100,Não
230110,Sim
230120,Não
230125,Não
230130,Não
230140,Sim
230150,Não
230160,Não
230170,Não
230180,Não
230185,Não
230190,Sim
230195,Sim
230200,Não
230205,Não
230210,Sim
230220,Sim
230230,Não
230240,Não
230250,Sim
230260,Sim
230270,Não
230280,Sim
230290,Não
230300,Não
230310,Não
230320,Não
230330,Não
230340,Não
230350,Sim
230360,Não
230365,Não
230370,Sim
230380,Não
230390,Não
230393,Não
230395,Não
230400,Não
230410,Sim
230420,Não
230423,Não
230425,Não
230426,Não
230427,Não
230428,Sim
230430,Não
230435,Não
230440,Sim
230445,Não
230450,Não
230460,Não
230465,Não
230470,Não
230480,Não
230490,Não
230495,Sim
230500,Não
230510,Não
230520,Não
230523,Sim
230526,Não
230530,Não
230533,Não
230535,Não
230540,Sim
230550,Sim
230560,Não
230565,Não
230570,Não
230580,Não
230590,Não
230600,Não
230610,Não
230620,Não
230625,Sim
230630,Sim
230640,Sim
230650,Não
230655,Não
230660,Não
230670,Não
230680,Sim
230690,Sim
230700,Não
230710,Não
230720,Não
230725,Sim
230730,Sim
230740,Não
230750,Não
230760,Sim
230763,Não
230765,Sim
230770,Sim
230780,Não
230790,Não
230800,Não
230810,Não
230820,Não
230830,Não
230835,Não
230837,Não
230840,Não
230850,Não
230860,Não
230870,Sim
230880,Não
230890,Não
230900,Não
230910,Não
230920,Não
230930,Sim
230940,Não
230945,Não
230950,Não
230960,Não
230970,Sim
230980,Não
230990,Não
231000,Não
231010,Não
231020,Sim
231025,Sim
231030,Não
231040,Não
231050,Não
231060,Não
231070,Não
231080,Não
231085,Não
231090,Não
231095,Não
231100,Não
231110,Não
231120,Não
231123,Não
231126,Não
231130,Sim
231135,Não
231140,Sim
231150,Não
231160,Sim
231170,Não
231180,Sim
231190,Não
231195,Não
231200,Não
231210,Não
231220,Sim
231230,Não
231240,Sim
231250,Não
231260,Não
231270,Sim
231280,Não
231290,Sim
231300,Não
231310,Não
231320,Não
231325,Não
231330,Não
231335,Não
231340,Sim
231350,Sim
231355,Não
231360,Sim
231370,Não
231375,Sim
231380,Não
231390,Não
231395,Não
231400,Sim
231410,Sim
240010,Não
240020,Não
240030,Não
240040,Não
240050,Não
240060,Não
240070,Não
240080,Não
240090,Não
240100,Não
240110,Não
240120,Não
240130,Não
240140,Não
240145,Não
240150,Não
240160,Não
240165,Não
240170,Não
240180,Sim
240185,Não
240190,Não
240200,Não
240210,Não
240220,Não
240230,Não
240240,Não
240250,Não
240260,Sim
240270,Não
240280,Não
240290,Não
240300,Não
240310,Sim
240320,Não
240325,Sim
240330,Não
240340,Não
240350,Não
240360,Sim
240370,Não
240375,Não
240380,Não
240390,Não
240400,Não
240410,Não
240420,Não
240430,Não
240440,Não
240450,Recusa
240460,Sim
240470,Não
240480,Não
240485,Não
240490,Não
240500,Não
240510,Não
240520,Não
240530,Não
240540,Não
240550,Não
240560,Não
240570,Não
240580,Sim
240590,Não
240600,Não
240610,Não
240615,Não
240620,Não
240630,Não
240640,Não
240650,Não
240660,Não
240670,Não
240680,Não
240690,Não
240700,Não
240710,Não
240720,Sim
240725,Não
240730,Não
240740,Não
240750,Não
240760,Não
240770,Não
240780,Não
240790,Não
240800,Sim
240810,Sim
240820,Sim
240830,Não
240840,Não
240850,Não
240860,Não
240870,Não
240880,Não
240890,Não
240895,Não
240910,Não
240920,Não
240930,Não
240933,Não
240940,Não
240950,Não
240960,Não
240970,Não
240980,Não
240990,Não
241000,Não
241010,Não
241020,Sim
241025,Não
241030,Não
241040,Não
241050,Não
241060,Não
241070,Não
241080,Não
241090,Não
241100,Não
241105,Não
241110,Não
241120,Não
241140,Não
241142,Não
241150,Não
241160,Não
241170,Não
241180,Não
241190,Não
241200,Não
241210,Não
241220,Não
241230,Não
241240,Não
241250,Não
241255,Não
241260,Não
241270,Não
241280,Não
241290,Não
241300,Não
241310,Não
241320,Não
241330,Recusa
241335,Não
241340,Não
241350,Não
241355,Não
241360,Não
241370,Sim
241380,Não
241390,Não
241400,Não
241410,Não
241415,Não
241420,Sim
241430,Não
241440,Não
241445,Não
241450,Sim
241460,Não
241470,Não
241475,Não
241480,Não
241490,Não
241500,Não
250010,Não
250020,Não
250030,Não
250040,Não
250050,Não
250053,Não
250057,Não
250060,Não
250070,Não
250073,Não
250077,Não
250080,Não
250090,Não
250100,Não
250110,Não
250115,Não
250120,Não
250130,Não
250135,Não
250140,Sim
250150,Não
250153,Não
250157,Não
250160,Não
250170,Não
250180,Não
250190,Não
250200,Não
250205,Não
250210,Não
250215,Não
250220,Não
250230,Não
250240,Não
250250,Não
250260,Não
250270,Não
250280,Não
250290,Não
250300,Não
250310,Não
250320,Sim
250330,Não
250340,Não
250350,Não
250355,Não
250360,Não
250370,Não
250375,Não
250380,Não
250390,Não
250400,Sim
250403,Não
250407,Não
250410,Não
250415,Não
250420,Sim
250430,Sim
250435,Não
250440,Não
250450,Não
250460,Sim
250470,Não
250480,Não
250485,Não
250490,Não
250500,Não
250510,Não
250520,Não
250523,Não
250527,Não
250530,Não
250535,Não
250540,Não
250550,Não
250560,Não
250570,Não
250580,Não
250590,Não
250600,Não
250610,Não
250620,Não
250625,Não
250630,Não
250640,Não
250650,Não
250660,Não
250670,Não
250680,Não
250690,Não
250700,Não
250710,Não
250720,Não
250730,Não
250740,Não
250750,Sim
250760,Não
250770,Não
250780,Não
250790,Não
250800,Não
250810,Não
250820,Não
250830,Não
250840,Não
250850,Não
250855,Não
250860,Sim
250870,Não
250880,Não
250890,Não
250900,Não
250905,Não
250910,Não
250915,Não
250920,Sim
250930,Sim
250933,Não
250937,Não
250939,Não
250940,Não
250950,Não
250960,Não
250970,Não
250980,Não
250990,Não
251000,Não
251010,Não
251020,Não
251030,Não
251040,Não
251050,Não
251060,Não
251065,Não
251070,Não
251080,Sim
251090,Não
251100,Não
251110,Não
251120,Não
251130,Não
251140,Não
251150,Não
251160,Não
251170,Não
251180,Não
251190,Não
251200,Não
251203,Não
251207,Não
251210,Sim
251220,Não
251230,Não
251240,Não
251250,Não
251260,Não
251270,Não
251272,Não
251274,Não
251275,Não
251276,Não
251278,Não
251280,Não
251290,Sim
251300,Não
251310,Não
251315,Não
251320,Não
251330,Não
251335,Não
251340,Não
251350,Não
251360,Não
251365,Não
251370,Não
251380,Não
251385,Não
251390,Não
251392,Não
251394,Não
251396,Não
251398,Não
251400,Não
251410,Não
251420,Não
251430,Não
251440,Não
251445,Não
251450,Não
251455,Não
251460,Não
251465,Não
251470,Não
251480,Não
251490,Não
251500,Não
251510,Não
251520,Não
251530,Não
251540,Não
251550,Não
251560,Não
251570,Não
251580,Não
251590,Não
251593,Não
251597,Não
251600,Não
251610,Não
251615,Não
251620,Sim
251630,Não
251640,Não
251650,Não
251660,Não
251670,Sim
251675,Não
251680,Não
251690,Não
251700,Não
251710,Não
251720,Não
251740,Não
260005,Não
260010,Não
260020,Não
260030,Não
260040,Não
260050,Não
260060,Não
260070,Não
260080,Não
260090,Não
260100,Não
260105,Não
260110,Sim
260120,Não
260130,Não
260140,Não
260150,Não
260160,Não
260170,Não
260180,Não
260190,Sim
260200,Não
260210,Não
260220,Não
260230,Não
260240,Não
260250,Sim
260260,Não
260270,Não
260280,Não
260290,Sim
260300,Não
260310,Não
260320,Não
260330,Não
260340,Não
260345,Sim
260350,Não
260360,Não
260370,Não
260380,Não
260390,Não
260392,Não
260400,Sim
260410,Sim
260415,Não
260420,Não
260430,Não
260440,Não
260450,Não
260460,Não
260470,Não
260480,Não
260490,Não
260500,Não
260510,Não
260515,Não
260520,Não
260530,Não
260540,Não
260545,Não
260550,Não
260560,Não
260570,Não
260580,Não
260590,Não
260600,Sim
260610,Não
260620,Sim
260630,Não
260640,Não
260650,Não
260660,Não
260670,Não
260680,Não
260690,Não
260700,Não
260710,Não
260720,Não
260730,Não
260740,Não
260750,Não
260760,Não
260765,Não
260770,Não
260775,Não
260780,Não
260790,Sim
260795,Não
260800,Não
260805,Não
260810,Não
260820,Não
260825,Não
260830,Não
260840,Não
260845,Não
260850,Não
260860,Não
260870,Não
260875,Não
260880,Não
260890,Sim
260900,Não
260910,Não
260915,Não
260920,Não
260930,Não
260940,Não
260950,Não
260960,Sim
260970,Não
260980,Não
260990,Não
261000,Sim
261010,Não
261020,Não
261030,Não
261040,Não
261050,Não
261060,Não
261070,Não
261080,Não
261090,Não
261100,Não
261110,Não
261120,Não
261130,Sim
261140,Não
261150,Não
261153,Não
261160,Sim
261170,Não
261180,Não
261190,Sim
261200,Não
261210,Não
261220,Não
261230,Não
261240,Não
261245,Não
261247,Não
261250,Não
261255,Não
261260,Não
261270,Não
261280,Não
261290,Não
261300,Não
261310,Não
261320,Não
261330,Não
261340,Não
261350,Não
261360,Não
261370,Sim
261380,Não
261390,Não
261400,Não
261410,Não
261420,Sim
261430,Não
261440,Não
261450,Não
261460,Não
261470,Não
261480,Não
261485,Sim
261500,Não
261510,Não
261520,Não
261530,Não
261540,Não
261550,Não
261560,Não
261570,Não
261580,Não
261590,Não
261600,Não
261610,Não
261618,Não
261620,Não
261630,Não
261640,Sim
261650,Não
270010,Não
270020,Não
270030,Não
270040,Não
270050,Não
270060,Não
270070,Não
270080,Não
270090,Não
270100,Não
270110,Não
270120,Não
270130,Não
270135,Não
270140,Não
270150,Não
270160,Não
270170,Não
270180,Não
270190,Não
270200,Não
270210,Não
270220,Sim
270230,Não
270235,Não
270240,Não
270250,Não
270255,Não
270260,Não
270270,Não
270280,Não
270290,Não
270300,Não
270310,Sim
270320,Não
270330,Não
270340,Não
270350,Não
270360,Não
270370,Não
270375,Não
270380,Não
270390,Não
270400,Não
270410,Não
270420,Não
270430,Sim
270440,Não
270450,Sim
270460,Não
270470,Não
270480,Não
270490,Não
270500,Não
270510,Sim
270520,Não
270530,Não
270540,Não
270550,Não
270560,Não
270570,Não
270580,Não
270590,Não
270600,Não
270610,Não
270620,Não
270630,Sim
270640,Não
270642,Não
270644,Sim
270650,Não
270660,Não
270670,Sim
270680,Não
270690,Não
270700,Não
270710,Não
270720,Não
270730,Não
270740,Não
270750,Não
270760,Não
270770,Não
270780,Não
270790,Não
270800,Não
270810,Não
270820,Não
270830,Não
270840,Não
270850,Sim
270860,Não
270870,Não
270880,Não
270890,Sim
270895,Não
270900,Não
270910,Não
270915,Não
270920,Não
270930,Não
270940,Não
280010,Não
280020,Não
280030,Sim
280040,Não
280050,Não
280060,Não
280067,Não
280070,Não
280100,Não
280110,Não
280120,Não
280130,Não
280140,Não
280150,Não
280160,Não
280170,Não
280190,Não
280200,Não
280210,Não
280220,Não
280230,Não
280240,Não
280250,Não
280260,Não
280270,Não
280280,Não
280290,Sim
280300,Não
280310,Não
280320,Não
280330,Não
280340,Não
280350,Não
280360,Não
280370,Não
280380,Não
280390,Não
280400,Não
280410,Não
280420,Não
280430,Não
280440,Não
280445,Não
280450,Não
280460,Sim
280470,Não
280480,Sim
280490,Não
280500,Não
280510,Não
280520,Não
280530,Não
280540,Não
280550,Não
280560,Não
280570,Não
280580,Não
280590,Não
280600,Não
280610,Não
280620,Não
280630,Não
280640,Não
280650,Não
280660,Não
280670,Não
280680,Não
280690,Não
280700,Não
280710,Não
280720,Não
280730,Não
280740,Não
280750,Não
280760,Não
290010,Não
290020,Sim
290030,Não
290035,Não
290040,Não
290050,Não
290060,Não
290070,Sim
290080,Não
290090,Sim
290100,Não
290110,Não
290115,Não
290120,Não
290130,Não
290135,Não
290140,Não
290150,Sim
290160,Não
290170,Não
290180,Não
290190,Não
290195,Não
290200,Não
290205,Não
290210,Não
290220,Não
290225,Não
290230,Não
290240,Não
290250,Não
290260,Não
290265,Não
290270,Não
290280,Não
290290,Não
290300,Não
290310,Não
290320,Sim
290323,Não
290327,Não
290330,Não
290340,Não
290350,Não
290360,Não
290370,Não
290380,Não
290390,Não
290395,Não
290400,Não
290405,Não
290410,Não
290420,Não
290430,Não
290440,Não
290450,Não
290460,Não
290470,Não
290475,Não
290480,Não
290485,Não
290490,Não
290500,Não
290510,Não
290515,Não
290520,Não
290530,Não
290540,Não
290550,Não
290560,Não
290570,Não
290580,Sim
290590,Não
290600,Não
290610,Não
290620,Não
290630,Sim
290640,Não
290650,Não
290660,Não
290670,Não informado
290680,Não
290682,Não
290685,Não
290687,Não
290689,Não
290690,Sim
290700,Não
290710,Não
290720,Sim
290730,Não
290740,Não
290750,Não
290755,Não
290760,Não
290770,Não
290780,Não
290790,Não
290800,Não
290810,Não
290820,Não
290830,Não
290840,Não
290850,Não
290860,Não
290870,Não
290880,Não
290890,Não
290900,Não
290910,Não
290920,Não
290930,Não
290940,Não
290950,Não
290960,Não
290970,Não
290980,Sim
290990,Não
291000,Não
291005,Sim
291010,Não
291020,Sim
291030,Não
291040,Não
291050,Não
291060,Não
291070,Não
291072,Sim
291075,Não
291077,Não
291080,Sim
291085,Não
291090,Não
291100,Não
291110,Não
291120,Sim
291125,Não
291130,Não
291140,Não
291150,Não
291160,Não
291165,Não
291170,Não
291180,Não
291185,Não
291190,Não
291200,Não
291210,Não
291220,Não
291230,Não
291240,Não
291250,Não
291260,Não
291270,Não
291280,Não
291290,Não
291300,Não
291310,Não
291320,Não
291330,Não
291340,Não
291345,Sim
291350,Não
291360,Sim
291370,Não
291380,Não
291390,Não
291400,Sim
291410,Não
291420,Não
291430,Não
291440,Não
291450,Não
291460,Não
291465,Não
291470,Não
291480,Sim
291490,Não
291500,Não
291510,Sim
291520,Não
291530,Não
291535,Não
291540,Não
291550,Não
291560,Não
291570,Não
291580,Não
291590,Não
291600,Não
291610,Não
291620,Não
291630,Não
291640,Sim
291650,Sim
291660,Sim
291670,Não
291680,Não
291685,Não
291690,Não
291700,Não
291710,Sim
291720,Não
291730,Não
291733,Não
291735,Não
291740,Não
291750,Não
291760,Não
291770,Não
291780,Não
291790,Não
291800,Sim
291810,Não
291820,Não
291830,Não
291835,Não
291840,Sim
291845,Não
291850,Não
291855,Não
291860,Não
291870,Não
291875,Sim
291880,Não
291890,Não
291900,Não
291905,Não
291910,Não
291915,Não
291920,Não
291930,Não
291940,Não
291950,Não
291955,Não
291960,Não
291970,Não
291980,Não
291990,Não
291992,Não
291995,Não
292000,Não
292010,Não
292020,Não
292030,Não
292040,Não
292045,Não
292050,Não
292060,Não
292070,Não
292080,Não
292090,Não
292100,Sim
292105,Não
292110,Não
292120,Não
292130,Não
292140,Não
292145,Não
292150,Não
292160,Não
292170,Não
292180,Não
292190,Sim
292200,Sim
292205,Não
292210,Não
292220,Não
292225,Não
292230,Não
292240,Não
292250,Sim
292260,Não
292265,Não
292270,Não
292273,Não
292275,Não
292280,Não
292285,Não
292290,Não
292300,Sim
292303,Não
292305,Não
292310,Não
292320,Não
292330,Não
292335,Não
292340,Não
292350,Não
292360,Não
292370,Não
292380,Não
292390,Não
292400,Sim
292405,Não
292410,Não
292420,Não
292430,Não
292440,Não
292450,Não
292460,Não
292465,Não
292467,Não
292470,Não
292480,Não
292490,Não
292500,Não
292510,Não
292520,Sim
292525,Não
292530,Não
292540,Não
292550,Não
292560,Não
292570,Não
292575,Não
292580,Não
292590,Não
292593,Não
292595,Não
292600,Não
292610,Não
292620,Não
292630,Não
292640,Não
292650,Não
292660,Não
292665,Não
292670,Não
292680,Não
292690,Não
292700,Não
292710,Não
292720,Não
292730,Sim
292740,Sim
292750,Não
292760,Não
292770,Não
292780,Não
292790,Não
292800,Não
292805,Não
292810,Não
292820,Não
292830,Não
292840,Não
292850,Não
292860,Sim
292870,Não
292880,Não
292890,Não
292895,Não
292900,Não
292905,Não
292910,Não
292920,Não
292925,Não
292930,Não
292935,Não
292937,Não
292940,Não
292950,Não
292960,Não
292970,Não
292975,Não
292980,Não
292990,Não
293000,Não
293010,Não
293015,Não
293020,Não
293030,Não
293040,Não
293050,Sim
293060,Sim
293070,Não
293075,Não
293076,Não
293077,Sim
293080,Não
293090,Não
293100,Não
293105,Não
293110,Não
293120,Não
293130,Não
293135,Sim
293140,Não
293150,Não
293160,Não
293170,Não
293180,Não
293190,Não
293200,Não
293210,Não
293220,Não
293230,Não
293240,Não
293245,Não
293250,Não
293260,Não
293270,Não
293280,Não
293290,Não
293300,Não
293305,Não
293310,Não
293315,Não
293317,Não
293320,Sim
293325,Não
293330,Sim
293340,Não
293345,Não
293350,Não
293360,Não
310010,Não
310020,Não
310030,Não
310040,Não
310050,Não
310060,Não
310070,Não
310080,Não
310090,Não
310100,Não
310110,Sim
310120,Não
310130,Não
310140,Não
310150,Sim
310160,Sim
310163,Não
310170,Não
310180,Não
310190,Não
310200,Não
310205,Não
310210,Não
310220,Não
310230,Não
310240,Não
310250,Não
310260,Não
310270,Não
310280,Não
310285,Não
310290,Não
310300,Não
310310,Não
310320,Não
310330,Não
310340,Sim
310350,Não
310360,Não
310370,Não
310375,Não
310380,Não
310390,Não
310400,Sim
310410,Não
310420,Não
310430,Não
310440,Não
310445,Não
310450,Não
310460,Não
310470,Não
310480,Não
310490,Não
310500,Não
310510,Não
310520,Não
310530,Não
310540,Não
310550,Não
310560,Sim
310570,Não
310590,Sim
310600,Não
310610,Não
310620,Sim
310630,Não
310640,Não
310650,Não
310660,Não
310665,Não
310670,Sim
310680,Não
310690,Não
310700,Não
310710,Não
310720,Não
310730,Não
310740,Não
310750,Não
310760,Não
310770,Não
310780,Não
310790,Não
310800,Sim
310810,Não
310820,Não
310825,Não
310830,Sim
310840,Não
310850,Não
310855,Sim
310860,Não
310870,Não
310880,Não
310890,Não
310900,Sim
310910,Não
310920,Não
310925,Não
310930,Não
310940,Não
310945,Não
310950,Não
310960,Não
310970,Não
310980,Não
310990,Não
311000,Não
311010,Não
311020,Não
311030,Não
311040,Não
311050,Não
311060,Sim
311070,Sim
311080,Não
311090,Não
311100,Não
311110,Não
311115,Não
311120,Sim
311130,Não
311140,Não
311150,Não
311160,Não
311170,Não
311180,Não
311190,Não
311200,Não
311205,Não
311210,Não
311220,Não
311230,Não
311240,Não
311250,Não
311260,Não
311265,Não
311270,Não
311280,Não
311290,Não
311300,Não
311310,Não
311320,Não
311330,Não
311340,Sim
311350,Não
311360,Não
311370,Não
311380,Não
311390,Não
311400,Não
311410,Não
311420,Não
311430,Não
311440,Não
311450,Não
311455,Não
311460,Não
311470,Não
311480,Não
311490,Não
311500,Não
311510,Não
311520,Não
311530,Não
311535,Não
311540,Não
311545,Não
311547,Não
311550,Sim
311560,Não
311570,Não
311580,Não
311590,Não
311600,Não
311610,Não
311615,Não
311620,Não
311630,Não
311640,Não
311650,Sim
311660,Sim
311670,Não
311680,Não
311690,Não
311700,Não
311710,Não
311720,Não
311730,Não
311740,Não
311750,Sim
311760,Não
311770,Não
311780,Não
311783,Sim
311787,Sim
311790,Não
311800,Não
311810,Não
311820,Não
311830,Sim
311840,Não
311850,Não
311860,Sim
311870,Não
311880,Não
311890,Não
311900,Não
311910,Não
311920,Não
311930,Não
311940,Não
311950,Não
311960,Não
311970,Não
311980,Não
311990,Não
311995,Não
312000,Não
312010,Não
312015,Não
312020,Não
312030,Não
312040,Não
312050,Não
312060,Não
312070,Não
312080,Não
312083,Não
312087,Não
312090,Não
312100,Não
312110,Não
312120,Não
312125,Não
312130,Sim
312140,Não
312150,Não
312160,Sim
312170,Não
312180,Não
312190,Não
312200,Não
312210,Não
312220,Não
312230,Sim
312235,Não
312240,Não
312245,Não
312247,Não
312250,Não
312260,Não
312270,Não
312280,Não
312290,Não
312300,Não
312310,Não
312320,Não
312330,Não
312340,Não
312350,Não
312352,Não
312360,Sim
312370,Não
312380,Não
312385,Não
312390,Não
312400,Não
312410,Não
312420,Não
312430,Não
312440,Não
312450,Não
312460,Sim
312470,Não
312480,Não
312490,Não
312500,Não
312510,Sim
312520,Não
312530,Não
312540,Não
312550,Não
312560,Não
312570,Não
312580,Não
312590,Não
312595,Não
312600,Sim
312610,Não
312620,Não
312630,Não
312640,Não
312650,Não
312660,Não
312670,Sim
312675,Não
312680,Não
312690,Não
312695,Não
312700,Não
312705,Não
312707,Não
312710,Não
312720,Não
312730,Não
312733,Não
312735,Não
312737,Não
312738,Não
312740,Não
312750,Não
312760,Não
312770,Sim
312780,Não
312790,Não
312800,Não
312810,Não
312820,Não
312825,Não
312830,Não
312840,Não
312850,Não
312860,Não
312870,Não
312880,Não
312890,Não
312900,Não
312910,Não
312920,Não
312930,Não
312940,Sim
312950,Não
312960,Não
312965,Não
312970,Sim
312980,Sim
312990,Não
313000,Não
313005,Não
313010,Não
313020,Não
313030,Não
313040,Sim
313050,Não
313055,Não
313060,Não
313065,Não
313070,Não
313080,Não
313090,Não
313100,Não
313110,Não
313115,Não
313120,Não
313130,Não
313140,Não
313150,Não
313160,Não
313170,Não
313180,Não
313190,Não
313200,Não
313210,Não
313220,Sim
313230,Não
313240,Sim
313250,Não
313260,Não
313270,Não
313280,Não
313290,Não
313300,Não
313310,Não
313320,Não
313330,Não
313340,Não
313350,Não
313360,Não
313370,Não
313375,Não
313380,Sim
313390,Não
313400,Não
313410,Não
313420,Sim
313430,Não
313440,Sim
313450,Não
313460,Não
313470,Não
313480,Não
313490,Não
313500,Não
313505,Sim
313507,Não
313510,Não
313520,Não
313530,Não
313535,Não
313540,Não
313545,Não
313550,Não
313560,Não
313570,Não
313580,Não
313590,Não
313600,Não
313610,Não
313620,Sim
313630,Sim
313640,Não
313650,Não
313652,Não
313655,Não
313657,Não
313660,Não
313665,Não
313670,Sim
313680,Não
313690,Não
313695,Não
313700,Não
313710,Não
313720,Sim
313730,Não
313740,Sim
313750,Não
313753,Não
313760,Não
313770,Não
313780,Não
313790,Não
313800,Não
313810,Não
313820,Não
313830,Não
313835,Não
313840,Não
313850,Não
313860,Não
313862,Não
313865,Não
313867,Não
313868,Não
313870,Não
313880,Não
313890,Não
313900,Não
313910,Não
313920,Não
313925,Não
313930,Não
313940,Não
313950,Não
313960,Não
313970,Não
313980,Não
313990,Não
314000,Sim
314010,Não
314015,Não
314020,Não
314030,Sim
314040,Não
314050,Não
314053,Não
314055,Não
314060,Não
314070,Não
314080,Não
314085,Não
314090,Não
314100,Não
314110,Sim
314120,Sim
314130,Não
314140,Não
314150,Não
314160,Não
314170,Não
314180,Não
314190,Não
314200,Não
314210,Não
314220,Não
314225,Não
314230,Não
314240,Não
314250,Não
314260,Não
314270,Não
314280,Não
314290,Não
314300,Não
314310,Não
314315,Não
314320,Não
314330,Sim
314340,Não
314345,Não
314350,Não
314360,Não
314370,Não
314380,Não
314390,Não
314400,Não
314410,Não
314420,Não
314430,Não
314435,Não
314437,Não
314440,Não
314450,Não
314460,Não
314465,Não
314467,Não
314470,Não
314480,Não
314490,Não
314500,Não
314505,Não
314510,Não
314520,Não
314530,Não
314535,Sim
314537,Não
314540,Não
314545,Não
314550,Não
314560,Não
314570,Não
314580,Não
314585,Não
314587,Não
314590,Sim
314600,Não
314610,Sim
314620,Não
314625,Não
314630,Não
314640,Não
314650,Não
314655,Não
314660,Não
314670,Não
314675,Não
314690,Não
314700,Não
314710,Sim
314720,Não
314730,Não
314740,Não
314750,Não
314760,Não
314770,Não
314780,Não
314790,Sim
314795,Não
314800,Sim
314810,Sim
314820,Não
314830,Não
314840,Não
314850,Não
314860,Não
314870,Não
314875,Não
314880,Não
314890,Não
314900,Não
314910,Não
314915,Não
314920,Não
314930,Não
314940,Não
314950,Sim
314960,Não
314970,Não
314980,Não
314990,Não
314995,Não
315000,Não
315010,Não
315015,Não
315020,Não
315030,Não
315040,Não
315050,Não
315053,Não
315057,Não
315060,Não
315070,Sim
315080,Não
315090,Não
315100,Não
315110,Não
315120,Sim
315130,Não
315140,Não
315150,Não
315160,Não
315170,Não
315180,Sim
315190,Não
315200,Não
315210,Sim
315213,Não
315217,Não
315220,Não
315230,Não
315240,Não
315250,Sim
315260,Não
315270,Não
315280,Não
315290,Não
315300,Não
315310,Não
315320,Não
315330,Não
315340,Não
315350,Não
315360,Não
315370,Não
315380,Não
315390,Não
315400,Não
315410,Não
315415,Não
315420,Não
315430,Não
315440,Não
315445,Não
315450,Não
315460,Não
315470,Não
315480,Não
315490,Não
315500,Não
315510,Não
315520,Não
315530,Não
315540,Não
315550,Não
315560,Não
315570,Não
315580,Não
315590,Sim
315600,Não
315610,Não
315620,Não
315630,Não
315640,Não
315645,Não
315650,Não
315660,Não
315670,Sim
315680,Não
315690,Não
315700,Sim
315710,Não
315720,Não
315725,Não
315727,Não
315730,Não
315733,Não
315737,Não
315740,Não
315750,Não
315760,Não
315765,Não
315770,Não
315780,Sim
315790,Não
315800,Não
315810,Não
315820,Não
315830,Não
315840,Não
315850,Não
315860,Não
315870,Sim
315880,Não
315890,Não
315895,Não
315900,Sim
315910,Não
315920,Não
315930,Não
315935,Sim
315940,Não
315950,Não
315960,Não
315970,Não
315980,Sim
315990,Não
316000,Não
316010,Não
316020,Não
316030,Não
316040,Não
316045,Não
316050,Não
316060,Não
316070,Não
316080,Não
316090,Não
316095,Não
316100,Não
316105,Não
316110,Sim
316120,Sim
316130,Não
316140,Não
316150,Não
316160,Não
316165,Não
316170,Não
316180,Sim
316190,Não
316200,Não
316210,Não
316220,Não
316225,Não
316230,Não
316240,Não
316245,Não
316250,Não
316255,Não
316257,Não
316260,Não
316265,Não
316270,Não
316280,Não
316290,Não
316292,Sim
316294,Não
316295,Não
316300,Não
316310,Não
316320,Não
316330,Não
316340,Não
316350,Não
316360,Não
316370,Sim
316380,Não
316390,Não
316400,Não
316410,Não
316420,Não
316430,Não
316440,Não
316443,Não
316447,Não
316450,Não
316460,Não
316470,Sim
316480,Não
316490,Não
316500,Não
316510,Não
316520,Não
316530,Não
316540,Não
316550,Não
316553,Não
316555,Não
316556,Não
316557,Não
316560,Não
316570,Não
316580,Não
316590,Não
316600,Não
316610,Não
316620,Não
316630,Não
316640,Não
316650,Não
316660,Não
316670,Não
316680,Sim
316690,Não
316695,Não
316700,Não
316710,Não
316720,Sim
316730,Não
316740,Não
316750,Não
316760,Não
316770,Não
316780,Não
316790,Não
316800,Sim
316805,Não
316810,Não
316820,Não
316830,Não
316840,Não
316850,Não
316860,Não
316870,Sim
316880,Não
316890,Não
316900,Não
316905,Não
316910,Não
316920,Não
316930,Sim
316935,Não
316940,Sim
316950,Não
316960,Não
316970,Não
316980,Não
316990,Sim
317000,Não
317005,Não
317010,Sim
317020,Sim
317030,Não
317040,Sim
317043,Não
317047,Não
317050,Não
317052,Sim
317057,Não
317060,Não
317065,Não
317070,Sim
317075,Não
317080,Não
317090,Não
317100,Não
317103,Não
317107,Não
317110,Não
317115,Não
317120,Sim
317130,Sim
317140,Não
317150,Não
317160,Não
317170,Não
317180,Não
317190,Não
317200,Não
317210,Não
317220,Não
320010,Não
320013,Não
320016,Sim
320020,Não
320030,Não
320035,Sim
320040,Não
320050,Não
320060,Sim
320070,Não
320080,Não
320090,Não
320100,Não
320110,Não
320115,Não
320120,Não
320130,Não
320140,Não
320150,Sim
320160,Sim
320170,Não
320180,Não
320190,Não
320200,Não
320210,Não
320220,Não
320225,Não
320230,Não
320240,Não
320245,Não
320250,Não
320255,Não
320260,Não
320265,Não
320270,Não
320280,Não
320290,Não
320300,Não
320305,Não
320310,Não
320313,Não
320316,Não
320320,Não
320330,Não
320332,Não
320334,Não
320335,Não
320340,Não
320350,Não
320360,Não
320370,Não
320380,Não
320390,Não
320400,Não
320405,Não
320410,Não
320420,Não
320425,Não
320430,Não
320435,Não
320440,Não
320450,Não
320455,Não
320460,Sim
320465,Não
320470,Não
320480,Não
320490,Não
320495,Não
320500,Sim
320501,Não
320503,Não
320506,Não
320510,Não
320515,Não
320517,Não
320520,Sim
320530,Sim
330010,Sim
330015,Não
330020,Não
330022,Não
330023,Não
330025,Sim
330030,Sim
330040,Sim
330045,Sim
330050,Não
330060,Não
330070,Sim
330080,Não
330090,Não
330093,Não
330095,Não
330100,Sim
330110,Não
330115,Não
330120,Não
330130,Não
330140,Não
330150,Não
330160,Não
330170,Sim
330180,Não
330185,Sim
330187,Não
330190,Não
330200,Sim
330205,Não
330210,Não
330220,Sim
330225,Sim
330227,Sim
330230,Não
330240,Sim
330245,Não
330250,Não
330260,Não
330270,Sim
330280,Não
330285,Não
330290,Não
330300,Sim
330310,Sim
330320,Sim
330330,Sim
330340,Não
330350,Sim
330360,Sim
330370,Não
330380,Sim
330385,Não
330390,Sim
330395,Não
330400,Não
330410,Não
330411,Não
330412,Não
330414,Não
330415,Não
330420,Sim
330430,Não
330440,Não
330450,Não
330452,Não
330455,Sim
330460,Não
330470,Sim
330475,Não
330480,Não
330490,Sim
330500,Sim
330510,Sim
330513,Não
330515,Não
330520,Não
330530,Não
330540,Não
330550,Não
330555,Não
330560,Sim
330570,Não
330575,Não
330580,Não
330590,Não
330600,Sim
330610,Sim
330615,Não
330620,Não
330630,Sim
350010,Não
350020,Não
350030,Sim
350040,Não
350050,Não
350055,Não
350060,Não
350070,Não
350075,Não
350080,Não
350090,Não
350100,Sim
350110,Não
350115,Não
350120,Não
350130,Não
350140,Não
350150,Não
350160,Sim
350170,Não
350180,Não
350190,Não
350200,Não
350210,Não
350220,Sim
350230,Não
350240,Não
350250,Não
350260,Não
350270,Sim
350275,Não
350280,Sim
350290,Não
350300,Não
350310,Não
350315,Não
350320,Não
350330,Sim
350335,Não
350340,Não
350350,Não
350360,Não
350370,Sim
350380,Não
350390,Sim
350395,Não
350400,Não
350410,Sim
350420,Não
350430,Não
350440,Não
350450,Não
350460,Não
350470,Não
350480,Não
350490,Não
350500,Não
350510,Não
350520,Não
350530,Não
350535,Não
350540,Não
350550,Não
350560,Não
350570,Não
350580,Não
350590,Não
350600,Sim
350610,Sim
350620,Não
350630,Não
350635,Sim
350640,Sim
350650,Não
350660,Não
350670,Não
350680,Não
350690,Sim
350700,Sim
350710,Não
350715,Não
350720,Não
350730,Não
350740,Não
350745,Não
350750,Sim
350760,Sim
350770,Não
350775,Não
350780,Não
350790,Não
350800,Sim
350810,Sim
350820,Não
350830,Não
350840,Sim
350850,Não
350860,Não
350870,Não
350880,Não
350890,Não
350900,Sim
350910,Não
350920,Não
350925,Não
350930,Não
350940,Não
350945,Não
350950,Sim
350960,Sim
350970,Sim
350980,Não
350990,Não
350995,Não
351000,Sim
351010,Não
351015,Não
351020,Não
351030,Sim
351040,Não
351050,Sim
351060,Sim
351070,Não
351080,Não
351090,Não
351100,Não
351110,Não
351120,Não
351130,Não
351140,Não
351150,Sim
351160,Não
351170,Não
351190,Não
351200,Não
351210,Não
351220,Não
351230,Não
351240,Não
351250,Não
351260,Não
351270,Não
351280,Sim
351290,Não
351300,Sim
351310,Não
351320,Não
351330,Não
351340,Sim
351350,Sim
351360,Não
351370,Sim
351380,Sim
351385,Não
351390,Não
351400,Não
351410,Não
351420,Não
351430,Não
351440,Não
351450,Não
351460,Não
351470,Não
351480,Não
351490,Não
351492,Não
351495,Não
351500,Sim
351510,Não
351512,Não
351515,Não
351518,Sim
351519,Não
351520,Não
351530,Não
351535,Não
351540,Não
351550,Não
351560,Não
351565,Não
351570,Sim
351580,Não
351590,Não
351600,Não
351610,Não
351620,Sim
351630,Não
351640,Não
351650,Não
351660,Não
351670,Sim
351680,Não
351685,Não
351690,Não
351700,Não
351710,Não
351720,Não
351730,Não
351740,Sim
351750,Não
351760,Não
351770,Não
351780,Não
351790,Não
351800,Não
351810,Não
351820,Não
351830,Não
351840,Sim
351850,Não
351860,Sim
351870,Sim
351880,Sim
351885,Não
351890,Não
351900,Não
351905,Não
351907,Sim
351910,Sim
351920,Não
351925,Não
351930,Sim
351940,Não
351950,Não
351960,Não
351970,Sim
351980,Não
351990,Não
352000,Sim
352010,Não
352020,Não
352030,Não
352040,Não
352042,Não
352044,Não
352050,Sim
352060,Não
352070,Não
352080,Não
352090,Não
352100,Não
352110,Não
352115,Não
352120,Não
352130,Não
352140,Não
352150,Sim
352160,Não
352170,Sim
352180,Não
352190,Não
352200,Não
352210,Sim
352215,Não
352220,Sim
352230,Sim
352240,Sim
352250,Não
352260,Não
352265,Não
352270,Não
352280,Não
352290,Não
352300,Não
352310,Sim
352320,Não
352330,Não
352340,Sim
352350,Não
352360,Não
352370,Não
352380,Não
352390,Sim
352400,Não
352410,Sim
352420,Não
352430,Sim
352440,Sim
352450,Não
352460,Não
352470,Sim
352480,Sim
352490,Não
352500,Sim
352510,Não
352520,Não
352530,Não
352540,Não
352550,Não
352560,Sim
352570,Sim
352580,Não
352585,Não
352590,Sim
352600,Não
352610,Não
352620,Não
352630,Não
352640,Não
352650,Não
352660,Não
352670,Sim
352680,Não
352690,Sim
352700,Não
352710,Sim
352720,Sim
352725,Não
352730,Não
352740,Não
352750,Não
352760,Não
352770,Não
352780,Não
352790,Não
352800,Não
352810,Não
352820,Não
352830,Não
352840,Sim
352850,Não
352860,Não
352870,Não
352880,Não
352885,Não
352890,Não
352900,Sim
352910,Não
352920,Não
352930,Sim
352940,Sim
352950,Não
352960,Não
352965,Não
352970,Não
352980,Não
352990,Não
353000,Não
353010,Não
353020,Sim
353030,Não
353040,Sim
353050,Sim
353060,Sim
353070,Sim
353080,Sim
353090,Não
353100,Não
353110,Sim
353120,Não
353130,Sim
353140,Não
353150,Não
353160,Sim
353170,Não
353180,Não
353190,Não
353200,Não
353205,Não
353210,Não
353215,Não
353220,Não
353230,Sim
353240,Não
353250,Não
353260,Não
353270,Não
353280,Não
353282,Não
353284,Não
353286,Não
353290,Não
353300,Não
353310,Não
353320,Não
353325,Não
353330,Não
353340,Sim
353350,Não
353360,Não
353370,Sim
353380,Não
353390,Sim
353400,Não
353410,Sim
353420,Não
353430,Não
353440,Sim
353450,Não
353460,Não
353470,Não
353475,Não
353480,Não
353490,Não
353500,Não
353510,Não
353520,Não
353530,Não
353540,Não
353550,Sim
353560,Não
353570,Não
353580,Não
353590,Não
353600,Sim
353610,Não
353620,Não
353625,Não
353630,Sim
353640,Não
353650,Sim
353657,Não
353660,Não
353670,Não
353680,Não
353690,Não
353700,Não
353710,Sim
353715,Não
353720,Não
353730,Sim
353740,Não
353750,Não
353760,Sim
353770,Não
353780,Sim
353790,Sim
353800,Não
353810,Não
353820,Não
353830,Não
353850,Não
353860,Sim
353870,Sim
353880,Sim
353890,Não
353900,Sim
353910,Sim
353920,Sim
353930,Sim
353940,Não
353950,Não
353960,Não
353970,Não
353980,Sim
353990,Não
354000,Não
354010,Não
354020,Não
354025,Não
354030,Não
354040,Não
354050,Não
354060,Sim
354070,Não
354075,Não
354080,Não
354085,Não
354090,Não
354100,Sim
354105,Não
354110,Não
354120,Sim
354130,Sim
354140,Sim
354150,Não
354160,Não
354165,Não
354170,Não
354180,Não
354190,Não
354200,Não
354210,Não
354220,Não
354230,Não
354240,Não
354250,Não
354260,Não
354270,Não
354280,Não
354290,Não
354300,Não
354310,Não
354320,Não
354323,Não
354325,Sim
354330,Sim
354340,Sim
354350,Não
354360,Não
354370,Não
354380,Não
354390,Sim
354400,Não
354410,Sim
354420,Não
354425,Sim
354430,Não
354440,Não
354450,Não
354460,Não
354470,Não
354480,Não
354490,Não
354500,Não
354510,Não
354515,Sim
354520,Sim
354530,Não
354540,Não
354550,Não
354560,Sim
354570,Não
354580,Não
354600,Não
354610,Não
354620,Não
354625,Sim
354630,Não
354640,Não
354650,Não
354660,Sim
354670,Sim
354680,Sim
354690,Não
354700,Não
354710,Não
354720,Não
354730,Sim
354740,Não
354750,Não
354760,Sim
354765,Não
354770,Não
354780,Sim
354790,Sim
354800,Sim
354805,Não
354810,Não
354820,Sim
354830,Não
354840,Não
354850,Sim
354860,Não
354870,Sim
354880,Sim
354890,Não
354900,Não
354910,Não
354920,Não
354925,Não
354930,Não
354940,Não
354950,Não
354960,Não
354970,Não
354980,Sim
354990,Sim
354995,Não
355000,Não
355010,Não
355020,Não
355030,Sim
355040,Não
355050,Não
355060,Não
355070,Sim
355080,Sim
355090,Não
355100,Sim
355110,Não
355120,Não
355130,Não
355140,Não
355150,Não
355160,Não
355170,Sim
355180,Não
355190,Sim
355200,Não
355210,Sim
355220,Sim
355230,Não
355240,Sim
355250,Sim
355255,Não
355260,Não
355270,Não
355280,Sim
355290,Não
355300,Não
355310,Não
355320,Não
355330,Não
355340,Não
355350,Sim
355360,Não
355365,Não
355370,Sim
355380,Não
355385,Não
355390,Não
355395,Não
355400,Sim
355410,Sim
355420,Não
355430,Não
355440,Não
355450,Não
355460,Não
355465,Não
355470,Não
355475,Não
355480,Não
355490,Não
355495,Sim
355500,Sim
355510,Não
355520,Não
355530,Não
355535,Não
355540,Sim
355550,Não
355560,Não
355570,Não
355580,Sim
355590,Não
355600,Não
355610,Não
355620,Sim
355630,Sim
355635,Sim
355640,Sim
355645,Sim
355650,Sim
355660,Não
355670,Sim
355680,Não
355690,Não
355695,Não
355700,Sim
355710,Sim
355715,Não
355720,Não
355730,Não
410010,Não
410020,Não
410030,Não
410040,Sim
410045,Não
410050,Não
410060,Não
410070,Não
410080,Não
410090,Não
410100,Não
410105,Não
410110,Não
410115,Não
410120,Não
410130,Não
410140,Sim
410150,Não
410160,Não
410165,Não
410170,Não
410180,Sim
410185,Não
410190,Sim
410200,Sim
410210,Não
410220,Não
410230,Sim
410240,Sim
410250,Não
410260,Não
410270,Não
410275,Não
410280,Não
410290,Sim
410300,Não
410302,Não
410304,Não
410305,Não
410310,Não
410315,Não
410320,Não
410322,Não
410330,Não
410335,Não
410337,Não
410340,Não
410345,Não
410347,Não
410350,Não
410360,Não
410370,Sim
410380,Não
410390,Não
410395,Não
410400,Não
410405,Não
410410,Não
410420,Sim
410425,Não
410430,Sim
410440,Não
410442,Não
410445,Não
410450,Sim
410460,Não
410465,Não
410470,Não
410480,Sim
410490,Não
410500,Não
410510,Não
410520,Não
410530,Não
410540,Sim
410550,Sim
410560,Não
410570,Sim
410580,Sim
410590,Sim
410600,Não
410610,Não
410620,Não
410630,Não
410640,Sim
410645,Sim
410650,Sim
410655,Não
410657,Não
410660,Sim
410670,Não
410680,Não
410685,Não
410690,Sim
410700,Não
410710,Não
410712,Não
410715,Não
410720,Sim
410725,Não
410730,Não
410740,Não
410750,Não
410752,Não
410753,Não
410754,Não
410755,Sim
410760,Sim
410765,Sim
410770,Não
410773,Não
410775,Não
410780,Não
410785,Não
410790,Não
410800,Não
410810,Não
410820,Não
410830,Sim
410832,Não
410840,Sim
410845,Não
410850,Sim
410855,Não
410860,Não
410865,Não
410870,Não
410880,Sim
410890,Não
410895,Não
410900,Não
410910,Não
410920,Não
410930,Não
410940,Sim
410950,Não
410960,Não
410965,Não
410970,Não
410975,Não
410980,Sim
410990,Não
411000,Não
411005,Não
411007,Não
411010,Não
411020,Não
411030,Não
411040,Não
411050,Não
411060,Não
411065,Não
411070,Não
411080,Não
411090,Não
411095,Não
411100,Sim
411110,Não
411120,Não
411125,Não
411130,Não
411140,Não
411150,Não
411155,Não
411160,Não
411170,Não
411180,Sim
411190,Não
411200,Sim
411210,Não
411220,Não
411230,Não
411240,Não
411250,Não
411260,Sim
411270,Não
411275,Não
411280,Não
411290,Não
411295,Não
411300,Não
411310,Não
411320,Não
411325,Não
411330,Sim
411340,Não
411342,Não
411345,Não
411350,Não
411360,Não
411370,Sim
411373,Não
411375,Não
411380,Não
411390,Sim
411400,Não
411410,Não
411420,Sim
411430,Não
411435,Não
411440,Não
411450,Não
411460,Sim
411470,Não
411480,Sim
411490,Não
411500,Não
411510,Não
411520,Sim
411530,Não
411535,Sim
411540,Não
411545,Não
411550,Não
411560,Não
411570,Não
411573,Não
411575,Não
411580,Sim
411585,Não
411590,Não
411600,Não
411605,Não
411610,Não
411620,Não
411630,Não
411640,Não
411650,Não
411660,Não
411670,Não
411680,Não
411690,Sim
411695,Não
411700,Não
411705,Não
411710,Não
411720,Não
411721,Não
411722,Sim
411725,Não
411727,Não
411729,Não
411730,Não
411740,Não
411745,Sim
411750,Sim
411760,Sim
411770,Não
411780,Não
411790,Sim
411800,Não
411810,Não
411820,Sim
411830,Sim
411840,Sim
411845,Não
411850,Sim
411860,Não
411870,Não
411880,Sim
411885,Não
411890,Não
411900,Não
411910,Sim
411915,Sim
411920,Não
411925,Sim
411930,Não
411940,Não
411950,Não
411960,Não
411965,Não
411970,Não
411980,Sim
411990,Sim
411995,Não
412000,Não
412010,Não
412015,Não
412020,Não
412030,Não
412033,Não
412035,Não
412040,Não
412050,Não
412060,Sim
412065,Não
412070,Não
412080,Não
412085,Não
412090,Sim
412100,Não
412110,Não
412120,Sim
412125,Não
412130,Não
412135,Não
412140,Não
412150,Não
412160,Não
412170,Não
412175,Sim
412180,Não
412190,Não
412200,Não
412210,Não
412215,Não
412217,Não
412220,Não
412230,Sim
412240,Sim
412250,Não
412260,Não
412265,Não
412270,Não
412280,Não
412290,Não
412300,Não
412310,Não
412320,Não
412330,Não
412340,Não
412350,Não
412360,Não
412370,Não
412380,Não
412382,Sim
412385,Não
412390,Não
412395,Não
412400,Não
412402,Sim
412405,Não
412410,Não
412420,Não
412430,Não
412440,Não
412450,Não
412460,Não
412470,Sim
412480,Não
412490,Não
412500,Não
412510,Não
412520,Não
412530,Não
412535,Sim
412540,Não
412545,Não
412550,Sim
412555,Não
412560,Não
412570,Não
412575,Não
412580,Não
412590,Sim
412600,Sim
412610,Não
412620,Não
412625,Sim
412627,Não
412630,Não
412635,Não
412640,Não
412650,Não
412660,Não
412665,Não
412667,Não
412670,Não
412680,Não
412690,Não
412700,Sim
412710,Não
412720,Não
412730,Não
412740,Sim
412750,Não
412760,Não
412770,Sim
412780,Não
412785,Não
412788,Não
412790,Não
412795,Sim
412796,Não
412800,Sim
412810,Sim
412820,Não
412830,Não
412840,Não
412850,Não
412853,Não
412855,Não
412860,Não
412862,Não
412863,Não
412865,Não
412870,Não
412880,Não
420005,Não
420010,Sim
420020,Sim
420030,Não
420040,Não
420050,Não
420055,Não
420060,Não
420070,Não
420075,Não
420080,Sim
420090,Não
420100,Não
420110,Não
420120,Sim
420125,Não
420127,Não
420130,Não
420140,Sim
420150,Não
420160,Sim
420165,Não
420170,Não
420180,Não
420190,Não
420195,Sim
420200,Sim
420205,Não
420207,Não
420208,Não
420209,Não
420210,Sim
420213,Não
420215,Não
420220,Não
420230,Sim
420240,Sim
420243,Não
420245,Sim
420250,Sim
420253,Não
420257,Não
420260,Sim
420270,Não
420280,Não
420285,Sim
420287,Não
420290,Sim
420300,Sim
420310,Não
420315,Não
420320,Não
420325,Não
420330,Sim
420340,Não
420350,Não
420360,Sim
420370,Sim
420380,Sim
420390,Sim
420395,Não
420400,Não
420410,Não
420415,Sim
420417,Sim
420419,Sim
420420,Sim
420425,Não
420430,Sim
420435,Não
420440,Não
420445,Sim
420450,Sim
420455,Sim
420460,Sim
420470,Sim
420475,Sim
420480,Sim
420490,Sim
420500,Sim
420510,Não
420515,Não
420517,Não
420519,Não
420520,Não
420530,Sim
420535,Não
420540,Sim
420543,Não
420545,Não
420550,Sim
420555,Não
420560,Não
420570,Sim
420580,Sim
420590,Sim
420600,Sim
420610,Não
420620,Não
420630,Não
420640,Sim
420650,Sim
420660,Sim
420665,Não
420670,Sim
420675,Sim
420680,Não
420690,Sim
420700,Não
420710,Não
420720,Não
420730,Sim
420740,Não
420750,Sim
420757,Sim
420760,Não
420765,Não
420768,Não
420770,Sim
420775,Não
420780,Sim
420785,Não
420790,Não
420800,Sim
420810,Não
420820,Sim
420830,Sim
420840,Sim
420845,Sim
420850,Sim
420860,Não
420870,Não
420880,Não
420890,Sim
420895,Sim
420900,Sim
420910,Sim
420915,Não
420917,Não
420920,Não
420930,Sim
420940,Sim
420945,Não
420950,Não
420960,Não
420970,Não
420980,Não
420985,Não
420990,Sim
421000,Não
421003,Não
421005,Sim
421010,Sim
421020,Não
421030,Não
421040,Não
421050,Sim
421055,Não
421060,Sim
421070,Sim
421080,Não
421085,Não
421090,Sim
421100,Sim
421105,Sim
421110,Não
421120,Sim
421125,Não
421130,Sim
421140,Não
421145,Não
421150,Sim
421160,Não
421165,Não
421170,Sim
421175,Sim
421180,Não
421185,Não
421187,Não
421189,Não
421190,Sim
421200,Não
421205,Não
421210,Sim
421220,Não
421223,Não
421225,Sim
421227,Sim
421230,Não
421240,Não
421250,Sim
421260,Não
421270,Não
421280,Não
421290,Não
421300,Sim
421310,Sim
421315,Não
421320,Sim
421330,Sim
421335,Não
421340,Não
421350,Sim
421360,Sim
421370,Sim
421380,Sim
421390,Não
421400,Sim
421410,Não
421415,Sim
421420,Sim
421430,Sim
421440,Sim
421450,Não
421460,Não
421470,Sim
421480,Sim
421490,Não
421500,Não
421505,Não
421507,Não
421510,Não
421520,Não
421530,Não
421535,Não
421540,Sim
421545,Não
421550,Sim
421555,Não
421560,Não
421565,Não
421567,Sim
421568,Não
421569,Não
421570,Sim
421575,Não
421580,Sim
421590,Não
421600,Sim
421605,Não
421610,Sim
421620,Sim
421625,Não
421630,Não
421635,Não
421640,Não
421650,Sim
421660,Sim
421670,Sim
421680,Sim
421690,Sim
421700,Não
421710,Não
421715,Não
421720,Sim
421725,Não
421730,Não
421740,Sim
421750,Sim
421755,Não
421760,Não
421770,Não
421775,Não
421780,Sim
421790,Sim
421795,Não
421800,Sim
421810,Não
421820,Sim
421825,Não
421830,Não
421835,Não
421840,Não
421850,Não
421860,Sim
421870,Sim
421875,Não
421880,Não
421885,Não
421890,Sim
421895,Não
421900,Não
421910,Não
421915,Não
421917,Não
421920,Não
421930,Sim
421935,Não
421940,Não
421950,Sim
421960,Não
421970,Sim
421985,Sim
430003,Não
430005,Sim
430010,Não
430020,Não
430030,Sim
430040,Sim
430045,Sim
430047,Não
430050,Não
430055,Sim
430057,Não
430060,Sim
430063,Não
430064,Não
430066,Sim
430070,Sim
430080,Não
430085,Não
430087,Não
430090,Sim
430100,Sim
430105,Sim
430107,Não
430110,Sim
430120,Não
430130,Não
430140,Sim
430150,Não
430155,Não
430160,Sim
430163,Não
430165,Sim
430170,Não
430175,Não
430180,Não
430185,Não
430187,Não
430190,Sim
430192,Não
430195,Não
430200,Não
430205,Não
430210,Sim
430215,Não
430220,Não
430222,Não
430223,Não
430225,Não
430230,Não
430235,Não
430237,Não
430240,Não
430245,Sim
430250,Não
430258,Não
430260,Não
430265,Não
430270,Não
430280,Sim
430290,Não
430300,Sim
430310,Sim
430320,Não
430330,Sim
430340,Não
430350,Sim
430355,Não
430360,Não
430367,Não
430370,Sim
430380,Sim
430390,Sim
430400,Sim
430410,Não
430420,Não
430430,Sim
430435,Não
430440,Sim
430450,Sim
430460,Sim
430461,Não
430462,Não
430463,Sim
430465,Não
430466,Sim
430467,Não
430468,Não
430469,Não
430470,Sim
430471,Não
430480,Sim
430485,Não
430490,Não
430495,Não
430500,Não
430510,Sim
430511,Não
430512,Não
430513,Não
430515,Sim
430517,Sim
430520,Não
430530,Não
430535,Não
430537,Sim
430540,Não
430543,Sim
430544,Sim
430545,Não
430550,Não
430558,Não
430560,Não
430570,Não
430580,Sim
430583,Não
430585,Não
430587,Não
430590,Não
430593,Não
430595,Não
430597,Sim
430600,Sim
430605,Não
430607,Não
430610,Sim
430613,Não
430620,Não
430630,Não
430632,Não
430635,Não
430637,Não
430640,Sim
430642,Não
430645,Sim
430650,Não
430655,Não
430660,Sim
430670,Não
430673,Sim
430675,Não
430676,Não
430680,Sim
430690,Não
430692,Não
430693,Não
430695,Não
430697,Não
430700,Sim
430705,Não
430710,Não
430720,Não
430730,Não
430740,Não
430745,Não
430750,Sim
430755,Não
430760,Sim
430770,Sim
430780,Sim
430781,Não
430783,Não
430786,Sim
430790,Sim
430800,Não
430805,Não
430807,Não
430810,Sim
430820,Sim
430825,Não
430830,Não
430840,Sim
430843,Sim
430845,Não
430850,Sim
430860,Sim
430865,Não
430870,Não
430880,Não
430885,Não
430890,Sim
430900,Sim
430905,Sim
430910,Sim
430912,Não
430915,Não
430920,Sim
430925,Não
430930,Sim
430940,Não
430950,Não
430955,Sim
430957,Sim
430960,Sim
430965,Não
430970,Não
430975,Não
430980,Não
430990,Não
430995,Não
431000,Não
431010,Sim
431020,Sim
431030,Sim
431033,Não
431036,Sim
431040,Não
431041,Sim
431043,Não
431046,Não
431050,Não
431053,Não
431055,Não
431057,Não
431060,Sim
431065,Não
431070,Não
431075,Não
431080,Sim
431085,Sim
431087,Não
431090,Não
431100,Sim
431110,Não
431112,Não
431113,Não
431115,Sim
431120,Sim
431123,Não
431125,Não
431127,Sim
431130,Não
431140,Sim
431142,Não
431150,Não
431160,Sim
431162,Não
431164,Sim
431170,Não
431171,Não
431173,Não
431175,Não
431177,Sim
431179,Não
431180,Sim
431190,Não
431198,Não
431200,Não
431205,Sim
431210,Não
431213,Não
431215,Sim
431217,Não
431220,Não
431225,Não
431230,Não
431235,Não
431237,Não
431238,Não
431240,Sim
431242,Não
431244,Não
431245,Sim
431247,Não
431250,Não
431260,Sim
431261,Sim
431262,Não
431265,Sim
431267,Não
431270,Não
431275,Não
431280,Não
431290,Sim
431295,Sim
431300,Não
431301,Não
431303,Não
431306,Sim
431308,Sim
431310,Não
431320,Sim
431330,Sim
431333,Não
431335,Sim
431337,Não
431339,Não
431340,Sim
431342,Não
431344,Não
431346,Não
431349,Sim
431350,Não
431360,Não
431365,Não
431370,Sim
431380,Não
431390,Sim
431395,Não
431400,Não
431402,Não
431403,Não
431405,Sim
431406,Sim
431407,Não
431410,Sim
431413,Não
431415,Não
431417,Não
431420,Não
431430,Não
431440,Sim
431442,Sim
431445,Não
431446,Não
431447,Não
431449,Não
431450,Não
431455,Não
431460,Sim
431470,Não
431475,Sim
431477,Não
431478,Não
431480,Sim
431490,Sim
431500,Não
431505,Não
431507,Não
431510,Não
431513,Não
431514,Sim
431515,Não
431517,Não
431520,Sim
431530,Sim
431531,Não
431532,Não
431535,Não
431540,Sim
431545,Não
431550,Não
431555,Não
431560,Sim
431570,Sim
431575,Não
431580,Não
431590,Não
431595,Não
431600,Não
431610,Não
431620,Não
431630,Sim
431640,Não
431642,Não
431643,Não
431645,Não
431647,Não
431650,Sim
431660,Não
431670,Não
431673,Sim
431675,Sim
431680,Sim
431690,Sim
431695,Não
431697,Sim
431700,Não
431710,Sim
431720,Sim
431725,Sim
431730,Sim
431740,Não
431750,Sim
431755,Não
431760,Sim
431770,Não
431775,Sim
431780,Sim
431790,Não
431795,Não
431800,Sim
431805,Não
431810,Não
431820,Sim
431830,Sim
431840,Sim
431842,Não
431843,Não
431844,Não
431845,Não
431846,Não
431848,Sim
431849,Sim
431850,Não
431860,Não
431861,Não
431862,Não
431870,Sim
431880,Não
431890,Sim
431900,Sim
431910,Não
431912,Não
431915,Sim
431920,Não
431930,Sim
431935,Não
431936,Sim
431937,Não
431940,Não
431950,Sim
431960,Sim
431970,Não
431971,Sim
431973,Sim
431975,Não
431980,Não
431990,Sim
432000,Sim
432010,Não
432020,Não
432023,Não
432026,Não
432030,Sim
432032,Não
432035,Não
432040,Sim
432045,Sim
432050,Sim
432055,Não
432057,Não
432060,Não
432065,Sim
432067,Sim
432070,Não
432080,Não
432085,Não
432090,Sim
432100,Sim
432110,Sim
432120,Não
432130,Não
432132,Não
432135,Não
432140,Não
432143,Não
432145,Sim
432146,Não
432147,Sim
432149,Não
432150,Sim
432160,Não
432162,Sim
432163,Não
432166,Sim
432170,Sim
432180,Sim
432183,Não
432185,Não
432190,Sim
432195,Não
432200,Sim
432210,Não
432215,Sim
432218,Sim
432220,Não
432225,Não
432230,Sim
432232,Não
432234,Não
432235,Não
432237,Não
432240,Sim
432250,Não
432252,Sim
432253,Sim
432254,Não
432255,Não
432260,Sim
432270,Sim
432280,Sim
432285,Não
432290,Não
432300,Sim
432310,Sim
432320,Não
432330,Não
432335,Não
432340,Sim
432345,Não
432350,Não
432360,Sim
432370,Não
432375,Não
432377,Não
432380,Não
500020,Não
500025,Não
500060,Não
500070,Não
500080,Não
500085,Sim
500090,Sim
500100,Não
500110,Não
500124,Não
500150,Não
500190,Não
500200,Não
500210,Não
500215,Não
500220,Sim
500230,Não
500240,Não
500260,Não
500270,Sim
500280,Não
500290,Não
500295,Não
500310,Não
500315,Não
500320,Não
500325,Não
500330,Não
500345,Não
500348,Não
500350,Não
500370,Sim
500375,Não
500380,Não
500400,Não
500410,Não
500430,Não
500440,Não
500450,Não
500460,Não
500470,Não
500480,Não
500490,Não
500500,Não
500510,Não
500515,Não
500520,Não
500525,Não
500540,Não
500560,Não
500568,Não
500570,Não
500580,Sim
500600,Não
500620,Não
500625,Não
500630,Não
500635,Sim
500640,Não
500660,Não
500690,Não
500710,Não
500720,Não
500730,Não
500740,Não
500750,Não
500755,Não
500769,Não
500770,Não
500780,Não
500790,Não
500793,Não
500795,Não
500797,Não
500800,Não
500830,Não
500840,Não
510010,Não
510020,Não
510025,Sim
510030,Não
510035,Não
510040,Não
510050,Não
510060,Sim
510080,Sim
510100,Não
510120,Não
510125,Não
510130,Não
510140,Não
510160,Não
510170,Não
510180,Sim
510185,Não
510190,Não
510250,Sim
510260,Não
510263,Sim
510267,Não
510268,Sim
510269,Não
510270,Não
510279,Não
510285,Não
510300,Sim
510305,Não
510310,Não
510320,Não
510325,Não
510330,Não
510335,Não
510336,Não
510337,Não
510340,Sim
510343,Não
510345,Não
510350,Não
510360,Não
510370,Não
510380,Não
510385,Não
510390,Não
510395,Sim
510410,Não
510420,Não
510450,Não
510455,Não
510460,Não
510480,Não
510490,Não
510500,Não
510510,Não
510515,Não
510517,Não
510520,Não
510523,Não
510525,Sim
510530,Não
510550,Não
510558,Não
510560,Não
510562,Não
510590,Não
510600,Não
510610,Não
510615,Não
510617,Não
510618,Não
510619,Não
510620,Não
510621,Não
510622,Sim
510623,Não
510624,Não
510625,Não
510626,Não
510627,Não
510628,Não
510629,Não
510630,Não
510631,Não
510637,Não
510642,Não
510645,Não
510650,Sim
510665,Não
510670,Não
510675,Não
510677,Sim
510680,Sim
510682,Não
510685,Não
510700,Não
510704,Sim
510706,Não
510710,Não
510715,Não
510718,Não
510719,Não
510720,Não
510724,Não
510726,Não
510729,Não
510730,Não
510735,Não
510740,Não
510757,Não
510760,Sim
510770,Não
510774,Não
510775,Não
510776,Não
510777,Não
510779,Sim
510780,Não
510785,Sim
510787,Não
510788,Não
510790,Não
510792,Não
510794,Sim
510795,Sim
510800,Não
510805,Não
510810,Não
510820,Não
510830,Não
510835,Não
510840,Sim
510850,Não
510860,Não
510880,Não
510885,Não
510890,Não
510895,Não
520005,Não
520010,Não
520013,Não
520015,Não
520017,Não
520020,Não
520025,Sim
520030,Não
520050,Não
520055,Não
520060,Sim
520080,Não
520082,Não
520085,Não
520090,Não
520110,Sim
520120,Não
520130,Não
520140,Sim
520145,Não
520150,Não
520160,Não
520170,Não
520180,Não
520215,Não
520235,Não
520250,Não
520260,Não
520280,Não
520310,Não
520320,Não
520330,Não
520340,Não
520350,Não
520355,Não
520357,Não
520360,Não
520380,Não
520390,Não
520393,Não
520396,Não
520400,Não
520410,Não
520420,Não
520425,Não
520430,Não
520440,Não
520450,Sim
520455,Não
520460,Não
520465,Não
520470,Não
520480,Não
520485,Não
520490,Não
520495,Não
520500,Não
520505,Não
520510,Sim
520520,Não
520530,Não
520540,Não
520545,Não
520547,Não
520549,Sim
520551,Não
520552,Não
520570,Não
520580,Não
520590,Não
520620,Não
520630,Não
520640,Não
520650,Não
520660,Não
520670,Não
520680,Não
520690,Não
520710,Não
520725,Não
520735,Não
520740,Não
520750,Não
520753,Não
520760,Não
520780,Não
520790,Não
520800,Não
520810,Não
520815,Sim
520830,Não
520840,Sim
520850,Não
520860,Sim
520870,Sim
520880,Não
520890,Sim
520910,Sim
520915,Não
520920,Sim
520929,Não
520940,Sim
520945,Não
520960,Não
520970,Não
520980,Não
520990,Não
520993,Não
520995,Não
521000,Sim
521010,Não
521015,Não
521020,Não
521030,Não
521040,Sim
521056,Não
521060,Não
521080,Não
521090,Não
521100,Não
521120,Não
521130,Não
521140,Não
521150,Sim
521160,Não
521170,Não
521180,Não
521190,Sim
521200,Não
521205,Não
521210,Não
521220,Sim
521225,Não
521230,Não
521250,Sim
521260,Não
521270,Não
521280,Não
521290,Não
521295,Não
521300,Não
521305,Não
521308,Sim
521310,Não
521340,Não
521350,Não
521370,Não
521375,Não
521377,Não
521380,Não
521385,Não
521390,Não
521400,Não
521405,Não
521410,Não
521440,Não
521450,Não
521460,Não
521470,Não
521480,Não
521483,Não
521486,Não
521487,Não
521490,Não
521500,Sim
521520,Não
521523,Não
521525,Não
521530,Sim
521540,Não
521550,Não
521560,Sim
521565,Não
521570,Não
521580,Não
521590,Não
521600,Não
521630,Não
521640,Não
521645,Não
521680,Não
521690,Não
521710,Não
521720,Não
521730,Sim
521740,Não
521760,Não
521770,Não
521800,Não
521805,Sim
521810,Não
521830,Sim
521839,Não
521850,Sim
521860,Não
521870,Não
521878,Não
521880,Sim
521890,Sim
521900,Não
521910,Não
521920,Não
521925,Não
521930,Não
521935,Não
521940,Não
521945,Não
521950,Não
521960,Não
521970,Não
521971,Não
521973,Não
521975,Sim
521980,Sim
521990,Não
522000,Não
522005,Não
522010,Não
522015,Não
522020,Não
522026,Sim
522028,Não
522040,Não
522045,Sim
522050,Não
522060,Não
522068,Não
522070,Não
522100,Não
522108,Não
522119,Sim
522130,Não
522140,Sim
522145,Não
522150,Não
522155,Não
522157,Não
522160,Sim
522170,Não
522180,Não
522185,Não
522190,Não
522200,Não
522205,Sim
522220,Não
522230,Não
530010,Sim